Name,Position,Salary,Projected FD PTS,Actual FD PTS,Found?
Ty Lawson,PG,4900,25.437215347667205,24.9,1
Arron Afflalo,SG,3800,5.481631639143494,4.5,1
Rudy Gay,SF,7500,32.21057504664972,20.4,1
DeMarcus Cousins,C,9600,47.730347293648464,51.4,1
